{
    "web": {
        "client_id": "605312372367-9nnduvhosjn6no6soed6pu25ek76oajc.apps.googleusercontent.com",
        "project_id": "spring-oauth2-demo-474616",
        "auth_uri": "https://accounts.google.com/o/oauth2/auth",
        "token_uri": "https://oauth2.googleapis.com/token",
        "auth_provider_x509_cert_url": "https://www.googleapis.com/oauth2/v1/certs",
        "client_secret": "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",
        "redirect_uris": [
            "http://localhost:8081/login/oauth2/code/google",
            "http://localhost:8081/api/v1/auth/google"
        ]
    }
}